289202320;7;19/08/2023
634377039;7;23/08/2023
4098015284;3;20/08/2023
123054518;6;22/08/2023
4014796070;7;23/08/2023
122679501;4;13/08/2023
4100022128;6;11/08/2023
634673971;7;26/08/2023
10677032192;4;23/08/2023
123209075;4;22/08/2023
634674025;7;27/08/2023
123006640;6;22/08/2023
4102667362;7;14/08/2023
7519810382;4;22/08/2023
123185944;7;17/08/2023
123054518;6;30/08/2023
8443758233;7;22/08/2023
122679501;4;10/08/2023
123054518;6;24/08/2023
4089171093;6;16/08/2023
10960373058;7;17/08/2023
4100018027;5;22/08/2023
4013538964;6;26/08/2023
10656518878;7;19/08/2023
7443838283;5;19/08/2023
122679501;5;13/08/2023
123185944;7;26/08/2023
7443838283;4;17/08/2023
634377073;7;01/09/2023
4098383992;5;20/08/2023
4102673679;10;25/08/2023
4089171039;6;16/08/2023
634674116;5;27/08/2023
634377039;5;22/08/2023
6382257798;5;19/08/2023
122861146;6;18/08/2023
123372935;6;25/08/2023
123054518;4;20/08/2023
4100018027;7;23/08/2023
4010094602;7;26/08/2023
8443758233;6;24/08/2023
6759445039;7;25/08/2023
6759445039;6;27/08/2023
6759445039;5;25/08/2023
7495672528;6;31/08/2023
4098015284;6;16/08/2023
123076216;6;21/08/2023
4102667362;7;25/08/2023
4060182188;5;20/08/2023
4101397040;7;20/08/2023
123142185;4;31/08/2023
4100021793;7;26/08/2023
123054518;6;18/08/2023
123036523;10;01/09/2023
10960591663;4;20/08/2023
4103657112;7;17/08/2023
6392787316;4;19/08/2023
122792174;4;03/09/2023
4101421082;5;19/08/2023
4399092387;4;27/08/2023
4097999416;4;21/08/2023
634864315;4;28/08/2023
